timestamp,user,endpoint,response_time,status_code,response_body
2025-01-23 19:18:05,LoadTestUser,,289.736270904541,200,resp: Found 669 primes under 5000 ^^   ^^  took: 135.782825ms ^^ 
2025-01-23 19:18:06,LoadTestUser,,101.76682472229004,200,resp: Found 669 primes under 5000 ^^   ^^  took: 67.1931ms ^^ 
2025-01-23 19:18:06,LoadTestUser,,188.07005882263184,200,resp: Found 669 primes under 5000 ^^   ^^  took: 148.348012ms ^^ 
2025-01-23 19:18:07,LoadTestUser,,199.37992095947266,200,resp: Found 669 primes under 5000 ^^   ^^  took: 165.399217ms ^^ 
2025-01-23 19:18:07,LoadTestUser,,188.59624862670898,200,resp: Found 669 primes under 5000 ^^   ^^  took: 80.194173ms ^^ 
2025-01-23 19:18:08,LoadTestUser,,188.4300708770752,200,resp: Found 669 primes under 5000 ^^   ^^  took: 73.621099ms ^^ 
2025-01-23 19:18:08,LoadTestUser,,203.8111686706543,200,resp: Found 669 primes under 5000 ^^   ^^  took: 169.606492ms ^^ 
2025-01-23 19:18:09,LoadTestUser,,201.22408866882324,200,resp: Found 669 primes under 5000 ^^   ^^  took: 165.681988ms ^^ 
2025-01-23 19:18:09,LoadTestUser,,206.62617683410645,200,resp: Found 669 primes under 5000 ^^   ^^  took: 172.374967ms ^^ 
2025-01-23 19:18:10,LoadTestUser,,200.14476776123047,200,resp: Found 669 primes under 5000 ^^   ^^  took: 166.072543ms ^^ 
2025-01-23 19:18:10,LoadTestUser,,201.67279243469238,200,resp: Found 669 primes under 5000 ^^   ^^  took: 168.306553ms ^^ 
2025-01-23 19:18:11,LoadTestUser,,182.66916275024414,200,resp: Found 669 primes under 5000 ^^   ^^  took: 75.903884ms ^^ 
2025-01-23 19:18:11,LoadTestUser,,182.58309364318848,200,resp: Found 669 primes under 5000 ^^   ^^  took: 74.792469ms ^^ 
2025-01-23 19:18:12,LoadTestUser,,204.84590530395508,200,resp: Found 669 primes under 5000 ^^   ^^  took: 169.554532ms ^^ 
2025-01-23 19:18:12,LoadTestUser,,185.05311012268066,200,resp: Found 669 primes under 5000 ^^   ^^  took: 81.106213ms ^^ 
2025-01-23 19:18:13,LoadTestUser,,200.64115524291992,200,resp: Found 669 primes under 5000 ^^   ^^  took: 165.31564ms ^^ 
2025-01-23 19:18:13,LoadTestUser,,184.25512313842773,200,resp: Found 669 primes under 5000 ^^   ^^  took: 72.898596ms ^^ 
2025-01-23 19:18:14,LoadTestUser,,203.5362720489502,200,resp: Found 669 primes under 5000 ^^   ^^  took: 167.330787ms ^^ 
2025-01-23 19:18:14,LoadTestUser,,283.77771377563477,200,resp: Found 669 primes under 5000 ^^   ^^  took: 73.796838ms ^^ 
2025-01-23 19:18:15,LoadTestUser,,183.53700637817383,200,resp: Found 669 primes under 5000 ^^   ^^  took: 73.250317ms ^^ 
2025-01-23 19:18:15,LoadTestUser,,188.96102905273438,200,resp: Found 669 primes under 5000 ^^   ^^  took: 77.049578ms ^^ 
2025-01-23 19:18:16,LoadTestUser,,201.73382759094238,200,resp: Found 669 primes under 5000 ^^   ^^  took: 167.63879ms ^^ 
2025-01-23 19:18:16,LoadTestUser,,183.3207607269287,200,resp: Found 669 primes under 5000 ^^   ^^  took: 75.706371ms ^^ 
2025-01-23 19:18:17,LoadTestUser,,184.7832202911377,200,resp: Found 669 primes under 5000 ^^   ^^  took: 151.139019ms ^^ 
2025-01-23 19:18:17,LoadTestUser,,204.74481582641602,200,resp: Found 669 primes under 5000 ^^   ^^  took: 170.227788ms ^^ 
2025-01-23 19:18:18,LoadTestUser,,183.37678909301758,200,resp: Found 669 primes under 5000 ^^   ^^  took: 75.168699ms ^^ 
2025-01-23 19:18:18,LoadTestUser,,210.35003662109375,200,resp: Found 669 primes under 5000 ^^   ^^  took: 167.242462ms ^^ 
2025-01-23 19:18:19,LoadTestUser,,207.05103874206543,200,resp: Found 669 primes under 5000 ^^   ^^  took: 171.802898ms ^^ 
2025-01-23 19:18:19,LoadTestUser,,204.77700233459473,200,resp: Found 669 primes under 5000 ^^   ^^  took: 169.931392ms ^^ 
2025-01-23 19:18:20,LoadTestUser,,199.3122100830078,200,resp: Found 669 primes under 5000 ^^   ^^  took: 163.338124ms ^^ 
2025-01-23 19:18:20,LoadTestUser,,111.48595809936523,200,resp: Found 669 primes under 5000 ^^   ^^  took: 77.44654ms ^^ 
2025-01-23 19:18:21,LoadTestUser,,205.52301406860352,200,resp: Found 669 primes under 5000 ^^   ^^  took: 173.141497ms ^^ 
2025-01-23 19:18:21,LoadTestUser,,181.04171752929688,200,resp: Found 669 primes under 5000 ^^   ^^  took: 76.545769ms ^^ 
2025-01-23 19:18:22,LoadTestUser,,180.86981773376465,200,resp: Found 669 primes under 5000 ^^   ^^  took: 73.566595ms ^^ 
2025-01-23 19:18:22,LoadTestUser,,198.28295707702637,200,resp: Found 669 primes under 5000 ^^   ^^  took: 164.800746ms ^^ 
2025-01-23 19:18:23,LoadTestUser,,184.46612358093262,200,resp: Found 669 primes under 5000 ^^   ^^  took: 73.745433ms ^^ 
2025-01-23 19:18:23,LoadTestUser,,183.60495567321777,200,resp: Found 669 primes under 5000 ^^   ^^  took: 79.521408ms ^^ 
2025-01-23 19:18:24,LoadTestUser,,283.10608863830566,200,resp: Found 669 primes under 5000 ^^   ^^  took: 175.191576ms ^^ 
2025-01-23 19:18:24,LoadTestUser,,183.8979721069336,200,resp: Found 669 primes under 5000 ^^   ^^  took: 73.332378ms ^^ 
2025-01-23 19:18:25,LoadTestUser,,180.27615547180176,200,resp: Found 669 primes under 5000 ^^   ^^  took: 73.091625ms ^^ 
2025-01-23 19:18:25,LoadTestUser,,201.2348175048828,200,resp: Found 669 primes under 5000 ^^   ^^  took: 166.337381ms ^^ 
2025-01-23 19:18:26,LoadTestUser,,178.93505096435547,200,resp: Found 669 primes under 5000 ^^   ^^  took: 72.067364ms ^^ 
2025-01-23 19:18:26,LoadTestUser,,184.94892120361328,200,resp: Found 669 primes under 5000 ^^   ^^  took: 75.968103ms ^^ 
2025-01-23 19:18:27,LoadTestUser,,208.47201347351074,200,resp: Found 669 primes under 5000 ^^   ^^  took: 172.078876ms ^^ 
2025-01-23 19:18:27,LoadTestUser,,107.52415657043457,200,resp: Found 669 primes under 5000 ^^   ^^  took: 75.411415ms ^^ 
2025-01-23 19:18:28,LoadTestUser,,198.37689399719238,200,resp: Found 669 primes under 5000 ^^   ^^  took: 165.491051ms ^^ 
2025-01-23 19:18:28,LoadTestUser,,283.19287300109863,200,resp: Found 669 primes under 5000 ^^   ^^  took: 167.732094ms ^^ 
2025-01-23 19:18:29,LoadTestUser,,181.1349391937256,200,resp: Found 669 primes under 5000 ^^   ^^  took: 88.395841ms ^^ 
2025-01-23 19:18:29,LoadTestUser,,182.18231201171875,200,resp: Found 669 primes under 5000 ^^   ^^  took: 76.884138ms ^^ 
2025-01-23 19:18:30,LoadTestUser,,199.86820220947266,200,resp: Found 669 primes under 5000 ^^   ^^  took: 166.051773ms ^^ 
2025-01-23 19:18:30,LoadTestUser,,180.7239055633545,200,resp: Found 669 primes under 5000 ^^   ^^  took: 73.013006ms ^^ 
2025-01-23 19:18:31,LoadTestUser,,286.37170791625977,200,resp: Found 669 primes under 5000 ^^   ^^  took: 79.02407ms ^^ 
2025-01-23 19:18:31,LoadTestUser,,184.3578815460205,200,resp: Found 669 primes under 5000 ^^   ^^  took: 150.87747ms ^^ 
2025-01-23 19:18:32,LoadTestUser,,181.5786361694336,200,resp: Found 669 primes under 5000 ^^   ^^  took: 74.815512ms ^^ 
2025-01-23 19:18:32,LoadTestUser,,107.3150634765625,200,resp: Found 669 primes under 5000 ^^   ^^  took: 75.026528ms ^^ 
2025-01-23 19:18:33,LoadTestUser,,300.5082607269287,200,resp: Found 669 primes under 5000 ^^   ^^  took: 267.38055ms ^^ 
2025-01-23 19:18:33,LoadTestUser,,179.05116081237793,200,resp: Found 669 primes under 5000 ^^   ^^  took: 74.031915ms ^^ 
2025-01-23 19:18:34,LoadTestUser,,200.4227638244629,200,resp: Found 669 primes under 5000 ^^   ^^  took: 167.265321ms ^^ 
2025-01-23 19:18:34,LoadTestUser,,183.68911743164062,200,resp: Found 669 primes under 5000 ^^   ^^  took: 86.018328ms ^^ 
2025-01-23 19:18:35,LoadTestUser,,182.21592903137207,200,resp: Found 669 primes under 5000 ^^   ^^  took: 76.014624ms ^^ 
2025-01-23 19:18:35,LoadTestUser,,201.13515853881836,200,resp: Found 669 primes under 5000 ^^   ^^  took: 168.206679ms ^^ 
2025-01-23 19:18:36,LoadTestUser,,181.71119689941406,200,resp: Found 669 primes under 5000 ^^   ^^  took: 74.065217ms ^^ 
2025-01-23 19:18:36,LoadTestUser,,182.62577056884766,200,resp: Found 669 primes under 5000 ^^   ^^  took: 74.082653ms ^^ 
2025-01-23 19:18:37,LoadTestUser,,198.6062526702881,200,resp: Found 669 primes under 5000 ^^   ^^  took: 166.897166ms ^^ 
2025-01-23 19:18:37,LoadTestUser,,116.65606498718262,200,resp: Found 669 primes under 5000 ^^   ^^  took: 74.703541ms ^^ 
2025-01-23 19:18:38,LoadTestUser,,179.93712425231934,200,resp: Found 669 primes under 5000 ^^   ^^  took: 73.504828ms ^^ 
2025-01-23 19:18:38,LoadTestUser,,199.9509334564209,200,resp: Found 669 primes under 5000 ^^   ^^  took: 165.493784ms ^^ 
2025-01-23 19:18:39,LoadTestUser,,180.43780326843262,200,resp: Found 669 primes under 5000 ^^   ^^  took: 74.389183ms ^^ 
2025-01-23 19:18:39,LoadTestUser,,182.10315704345703,200,resp: Found 669 primes under 5000 ^^   ^^  took: 76.79051ms ^^ 
2025-01-23 19:18:40,LoadTestUser,,195.9400177001953,200,resp: Found 669 primes under 5000 ^^   ^^  took: 163.925195ms ^^ 
2025-01-23 19:18:40,LoadTestUser,,179.97002601623535,200,resp: Found 669 primes under 5000 ^^   ^^  took: 74.751931ms ^^ 
2025-01-23 19:18:41,LoadTestUser,,177.44207382202148,200,resp: Found 669 primes under 5000 ^^   ^^  took: 71.256608ms ^^ 
2025-01-23 19:18:41,LoadTestUser,,188.51804733276367,200,resp: Found 669 primes under 5000 ^^   ^^  took: 80.783835ms ^^ 
2025-01-23 19:18:42,LoadTestUser,,181.06317520141602,200,resp: Found 669 primes under 5000 ^^   ^^  took: 70.74665ms ^^ 
2025-01-23 19:18:42,LoadTestUser,,183.3178997039795,200,resp: Found 669 primes under 5000 ^^   ^^  took: 76.227471ms ^^ 
2025-01-23 19:18:43,LoadTestUser,,179.86416816711426,200,resp: Found 669 primes under 5000 ^^   ^^  took: 73.641893ms ^^ 
2025-01-23 19:18:43,LoadTestUser,,180.45425415039062,200,resp: Found 669 primes under 5000 ^^   ^^  took: 73.282387ms ^^ 
2025-01-23 19:18:44,LoadTestUser,,200.0429630279541,200,resp: Found 669 primes under 5000 ^^   ^^  took: 166.176173ms ^^ 
2025-01-23 19:18:44,LoadTestUser,,109.7409725189209,200,resp: Found 669 primes under 5000 ^^   ^^  took: 76.501738ms ^^ 
2025-01-23 19:18:45,LoadTestUser,,205.68227767944336,200,resp: Found 669 primes under 5000 ^^   ^^  took: 168.841668ms ^^ 
2025-01-23 19:18:45,LoadTestUser,,186.64097785949707,200,resp: Found 669 primes under 5000 ^^   ^^  took: 76.574885ms ^^ 
2025-01-23 19:18:46,LoadTestUser,,179.89516258239746,200,resp: Found 669 primes under 5000 ^^   ^^  took: 73.428013ms ^^ 
2025-01-23 19:18:46,LoadTestUser,,198.98390769958496,200,resp: Found 669 primes under 5000 ^^   ^^  took: 165.289285ms ^^ 
2025-01-23 19:18:47,LoadTestUser,,180.1888942718506,200,resp: Found 669 primes under 5000 ^^   ^^  took: 86.096003ms ^^ 
2025-01-23 19:18:47,LoadTestUser,,182.4781894683838,200,resp: Found 669 primes under 5000 ^^   ^^  took: 83.177345ms ^^ 
2025-01-23 19:18:48,LoadTestUser,,179.73685264587402,200,resp: Found 669 primes under 5000 ^^   ^^  took: 76.700176ms ^^ 
2025-01-23 19:18:48,LoadTestUser,,198.6370086669922,200,resp: Found 669 primes under 5000 ^^   ^^  took: 164.134843ms ^^ 
2025-01-23 19:18:49,LoadTestUser,,184.46993827819824,200,resp: Found 669 primes under 5000 ^^   ^^  took: 152.623549ms ^^ 
2025-01-23 19:18:49,LoadTestUser,,181.7028522491455,200,resp: Found 669 primes under 5000 ^^   ^^  took: 84.808426ms ^^ 
2025-01-23 19:18:50,LoadTestUser,,282.4828624725342,200,resp: Found 669 primes under 5000 ^^   ^^  took: 76.123638ms ^^ 
2025-01-23 19:18:50,LoadTestUser,,200.5600929260254,200,resp: Found 669 primes under 5000 ^^   ^^  took: 166.444258ms ^^ 
2025-01-23 19:18:51,LoadTestUser,,181.36882781982422,200,resp: Found 669 primes under 5000 ^^   ^^  took: 78.544672ms ^^ 
2025-01-23 19:18:51,LoadTestUser,,278.9502143859863,200,resp: Found 669 primes under 5000 ^^   ^^  took: 74.026871ms ^^ 
2025-01-23 19:18:52,LoadTestUser,,101.20296478271484,200,resp: Found 669 primes under 5000 ^^   ^^  took: 67.421886ms ^^ 
2025-01-23 19:18:52,LoadTestUser,,195.42717933654785,200,resp: Found 669 primes under 5000 ^^   ^^  took: 162.636266ms ^^ 
2025-01-23 19:18:53,LoadTestUser,,180.15384674072266,200,resp: Found 669 primes under 5000 ^^   ^^  took: 74.393422ms ^^ 
2025-01-23 19:18:53,LoadTestUser,,181.4570426940918,200,resp: Found 669 primes under 5000 ^^   ^^  took: 84.895619ms ^^ 
2025-01-23 19:18:54,LoadTestUser,,185.60504913330078,200,resp: Found 669 primes under 5000 ^^   ^^  took: 84.00106ms ^^ 
2025-01-23 19:18:54,LoadTestUser,,282.93776512145996,200,resp: Found 669 primes under 5000 ^^   ^^  took: 170.04804ms ^^ 
2025-01-23 19:18:55,LoadTestUser,,105.43990135192871,200,resp: Found 669 primes under 5000 ^^   ^^  took: 72.401253ms ^^ 
2025-01-23 19:18:55,LoadTestUser,,185.03403663635254,200,resp: Found 669 primes under 5000 ^^   ^^  took: 78.837738ms ^^ 
2025-01-23 19:18:56,LoadTestUser,,183.10093879699707,200,resp: Found 669 primes under 5000 ^^   ^^  took: 72.14979ms ^^ 
2025-01-23 19:18:56,LoadTestUser,,304.3360710144043,200,resp: Found 669 primes under 5000 ^^   ^^  took: 269.542459ms ^^ 
2025-01-23 19:18:57,LoadTestUser,,102.02813148498535,200,resp: Found 669 primes under 5000 ^^   ^^  took: 68.73868ms ^^ 
2025-01-23 19:18:57,LoadTestUser,,183.27665328979492,200,resp: Found 669 primes under 5000 ^^   ^^  took: 78.680697ms ^^ 
2025-01-23 19:18:58,LoadTestUser,,180.87077140808105,200,resp: Found 669 primes under 5000 ^^   ^^  took: 75.721504ms ^^ 
2025-01-23 19:18:58,LoadTestUser,,293.83206367492676,200,resp: Found 669 primes under 5000 ^^   ^^  took: 260.419718ms ^^ 
2025-01-23 19:18:59,LoadTestUser,,182.12032318115234,200,resp: Found 669 primes under 5000 ^^   ^^  took: 149.658621ms ^^ 
2025-01-23 19:18:59,LoadTestUser,,181.5180778503418,200,resp: Found 669 primes under 5000 ^^   ^^  took: 75.74559ms ^^ 
2025-01-23 19:19:00,LoadTestUser,,193.52293014526367,200,resp: Found 669 primes under 5000 ^^   ^^  took: 160.953835ms ^^ 
2025-01-23 19:19:00,LoadTestUser,,201.6141414642334,200,resp: Found 669 primes under 5000 ^^   ^^  took: 169.038461ms ^^ 
2025-01-23 19:19:01,LoadTestUser,,183.37202072143555,200,resp: Found 669 primes under 5000 ^^   ^^  took: 71.597512ms ^^ 
2025-01-23 19:19:01,LoadTestUser,,181.29587173461914,200,resp: Found 669 primes under 5000 ^^   ^^  took: 77.772928ms ^^ 
2025-01-23 19:19:02,LoadTestUser,,382.4131488800049,200,resp: Found 669 primes under 5000 ^^   ^^  took: 170.051543ms ^^ 
2025-01-23 19:19:02,LoadTestUser,,182.38592147827148,200,resp: Found 669 primes under 5000 ^^   ^^  took: 76.590429ms ^^ 
2025-01-23 19:19:03,LoadTestUser,,186.9511604309082,200,resp: Found 669 primes under 5000 ^^   ^^  took: 152.298218ms ^^ 
2025-01-23 19:19:03,LoadTestUser,,178.15089225769043,200,resp: Found 669 primes under 5000 ^^   ^^  took: 72.404932ms ^^ 
2025-01-23 19:19:04,LoadTestUser,,201.8449306488037,200,resp: Found 669 primes under 5000 ^^   ^^  took: 165.763565ms ^^ 
2025-01-23 19:19:04,LoadTestUser,,180.64594268798828,200,resp: Found 669 primes under 5000 ^^   ^^  took: 69.002082ms ^^ 
2025-01-23 19:19:05,LoadTestUser,,182.40809440612793,200,resp: Found 669 primes under 5000 ^^   ^^  took: 78.21782ms ^^ 
2025-01-23 19:19:05,LoadTestUser,,249.17244911193848,200,resp: Found 669 primes under 5000 ^^   ^^  took: 141.440219ms ^^ 
